{
    "schemes": [
        "http",
        "https"
    ],
    "swagger": "2.0",
    "info": {
        "description": "http server api docs",
        "title": "tron api docs",
        "contact": {},
        "version": "2.0"
    },
    "host": "137.175.97.54:8080",
    "paths": {
        "/api/v1/tOrderAddressRecordResult/{id}": {
            "put": {
                "security": [
                    {
                        "BearerAuth": []
                    }
                ],
                "description": "update tOrderAddressRecordResult information by id",
                "consumes": [
                    "application/json"
                ],
                "produces": [
                    "application/json"
                ],
                "tags": [
                    "tOrderAddressRecordResult"
                ],
                "summary": "update tOrderAddressRecordResult",
                "parameters": [
                    {
                        "type": "string",
                        "description": "id",
                        "name": "id",
                        "in": "path",
                        "required": true
                    },
                    {
                        "description": "tOrderAddressRecordResult information",
                        "name": "data",
                        "in": "body",
                        "required": true,
                        "schema": {
                            "$ref": "#/definitions/types.UpdateTOrderAddressRecordResultByIDRequest"
                        }
                    }
                ],
                "responses": {
                    "200": {
                        "description": "OK",
                        "schema": {
                            "$ref": "#/definitions/types.UpdateTOrderAddressRecordResultByIDReply"
                        }
                    }
                }
            }
        },
        "/api/v1/tReceiveOrder": {
            "post": {
                "security": [
                    {
                        "BearerAuth": []
                    }
                ],
                "description": "submit information to create tReceiveOrder",
                "consumes": [
                    "application/json"
                ],
                "produces": [
                    "application/json"
                ],
                "tags": [
                    "tReceiveOrder"
                ],
                "summary": "create tReceiveOrder",
                "parameters": [
                    {
                        "description": "tReceiveOrder information",
                        "name": "data",
                        "in": "body",
                        "required": true,
                        "schema": {
                            "$ref": "#/definitions/types.CreateTReceiveOrderRequest"
                        }
                    }
                ],
                "responses": {
                    "200": {
                        "description": "OK",
                        "schema": {
                            "$ref": "#/definitions/types.CreateTReceiveOrderReply"
                        }
                    }
                }
            }
        },
        "/api/v1/tronGas/available": {
            "get": {
                "security": [
                    {
                        "BearerAuth": []
                    }
                ],
                "description": "get energy by token",
                "consumes": [
                    "application/json"
                ],
                "produces": [
                    "application/json"
                ],
                "tags": [
                    "tronGas"
                ],
                "summary": "GetAvailableEnergy a  user energy",
                "responses": {
                    "200": {
                        "description": "OK",
                        "schema": {
                            "$ref": "#/definitions/types.AvailableEnergyResponseReply"
                        }
                    }
                }
            }
        },
        "/api/v1/tronGas/balance": {
            "get": {
                "security": [
                    {
                        "BearerAuth": []
                    }
                ],
                "description": "get balanceInfo",
                "consumes": [
                    "application/json"
                ],
                "produces": [
                    "application/json"
                ],
                "tags": [
                    "tronGas"
                ],
                "summary": "GetBalance a  user balanceinfo",
                "responses": {
                    "200": {
                        "description": "OK",
                        "schema": {
                            "$ref": "#/definitions/types.BalanceResponseReply"
                        }
                    }
                }
            }
        },
        "/api/v1/tronGas/create": {
            "post": {
                "security": [
                    {
                        "BearerAuth": []
                    }
                ],
                "description": "submit information to create Orders",
                "consumes": [
                    "application/json"
                ],
                "produces": [
                    "application/json"
                ],
                "tags": [
                    "tronGas"
                ],
                "summary": "create Orders",
                "parameters": [
                    {
                        "description": "order information",
                        "name": "data",
                        "in": "body",
                        "required": true,
                        "schema": {
                            "$ref": "#/definitions/types.CreateOrderRequest"
                        }
                    }
                ],
                "responses": {
                    "200": {
                        "description": "OK",
                        "schema": {
                            "$ref": "#/definitions/types.CreateOrderResponseReply"
                        }
                    }
                }
            }
        },
        "/api/v1/tronGas/details": {
            "post": {
                "security": [
                    {
                        "BearerAuth": []
                    }
                ],
                "description": "get  information by Order id",
                "consumes": [
                    "application/json"
                ],
                "produces": [
                    "application/json"
                ],
                "tags": [
                    "tronGas"
                ],
                "summary": "get a Details order",
                "parameters": [
                    {
                        "description": "order information",
                        "name": "data",
                        "in": "body",
                        "required": true,
                        "schema": {
                            "$ref": "#/definitions/types.OrderDetailsRequest"
                        }
                    }
                ],
                "responses": {
                    "200": {
                        "description": "OK",
                        "schema": {
                            "$ref": "#/definitions/types.OrderDetailsResponseReply"
                        }
                    }
                }
            }
        },
        "/api/v1/tronGas/quick": {
            "post": {
                "security": [
                    {
                        "BearerAuth": []
                    }
                ],
                "description": "submit information to Quick an Orders",
                "consumes": [
                    "application/json"
                ],
                "produces": [
                    "application/json"
                ],
                "tags": [
                    "tronGas"
                ],
                "summary": "Quick Orders",
                "parameters": [
                    {
                        "description": "order information",
                        "name": "data",
                        "in": "body",
                        "required": true,
                        "schema": {
                            "$ref": "#/definitions/types.QuickOrderRequest"
                        }
                    }
                ],
                "responses": {
                    "200": {
                        "description": "OK",
                        "schema": {
                            "$ref": "#/definitions/types.QuickOrderResponseReply"
                        }
                    }
                }
            }
        },
        "/api/v1/tronGas/quote": {
            "post": {
                "security": [
                    {
                        "BearerAuth": []
                    }
                ],
                "description": "get  information by Order",
                "consumes": [
                    "application/json"
                ],
                "produces": [
                    "application/json"
                ],
                "tags": [
                    "tronGas"
                ],
                "summary": "quote an  order info",
                "parameters": [
                    {
                        "description": "order information",
                        "name": "data",
                        "in": "body",
                        "required": true,
                        "schema": {
                            "$ref": "#/definitions/types.QuoteRequest"
                        }
                    }
                ],
                "responses": {
                    "200": {
                        "description": "OK",
                        "schema": {
                            "$ref": "#/definitions/types.QuoteResponseReply"
                        }
                    }
                }
            }
        }
    },
    "definitions": {
        "thirdTools.CreateOrderResponse": {
            "type": "object",
            "properties": {
                "code": {
                    "type": "integer"
                },
                "energy_amount": {
                    "type": "integer"
                },
                "fees_in_trx": {
                    "type": "number"
                },
                "message": {
                    "type": "string"
                },
                "order_id": {
                    "type": "string"
                },
                "remaining_balance_in_trx": {
                    "type": "number"
                }
            }
        },
        "thirdTools.Order": {
            "type": "object",
            "properties": {
                "energy_amount": {
                    "type": "integer"
                },
                "fees_in_trx": {
                    "type": "string"
                },
                "gmt_create": {
                    "type": "string"
                },
                "order_id": {
                    "type": "string"
                },
                "receiver_address": {
                    "type": "string"
                },
                "resource_owner": {
                    "type": "string"
                },
                "status": {
                    "type": "string"
                },
                "txn_hash": {
                    "type": "string"
                }
            }
        },
        "thirdTools.QuoteResponse": {
            "type": "object",
            "properties": {
                "code": {
                    "type": "integer"
                },
                "energy_amount": {
                    "type": "integer"
                },
                "fees_in_trx": {
                    "type": "number"
                },
                "message": {
                    "type": "string"
                },
                "receiver_address": {
                    "type": "string"
                }
            }
        },
        "types.AvailableEnergyResponse": {
            "type": "object",
            "properties": {
                "available": {
                    "type": "integer"
                }
            }
        },
        "types.AvailableEnergyResponseReply": {
            "type": "object",
            "properties": {
                "code": {
                    "type": "integer"
                },
                "data": {
                    "type": "object",
                    "properties": {
                        "energy": {
                            "$ref": "#/definitions/types.AvailableEnergyResponse"
                        }
                    }
                },
                "msg": {
                    "type": "string"
                }
            }
        },
        "types.BalanceResponse": {
            "type": "object",
            "properties": {
                "balance": {
                    "type": "number"
                },
                "pricing": {
                    "$ref": "#/definitions/types.PricingDetails"
                },
                "recharge_address": {
                    "type": "string"
                }
            }
        },
        "types.BalanceResponseReply": {
            "type": "object",
            "properties": {
                "code": {
                    "type": "integer"
                },
                "data": {
                    "type": "object",
                    "properties": {
                        "balance_info": {
                            "$ref": "#/definitions/types.BalanceResponse"
                        }
                    }
                },
                "msg": {
                    "type": "string"
                }
            }
        },
        "types.CreateOrderRequest": {
            "type": "object",
            "required": [
                "duration",
                "energy_amount",
                "receiver_address"
            ],
            "properties": {
                "duration": {
                    "type": "integer"
                },
                "energy_amount": {
                    "type": "integer"
                },
                "receiver_address": {
                    "type": "string"
                }
            }
        },
        "types.CreateOrderResponseReply": {
            "type": "object",
            "properties": {
                "code": {
                    "description": "return code",
                    "type": "integer"
                },
                "data": {
                    "description": "return data",
                    "type": "object",
                    "properties": {
                        "order": {
                            "$ref": "#/definitions/thirdTools.CreateOrderResponse"
                        }
                    }
                },
                "msg": {
                    "description": "return information description",
                    "type": "string"
                }
            }
        },
        "types.CreateTReceiveOrderReply": {
            "type": "object",
            "properties": {
                "code": {
                    "description": "return code",
                    "type": "integer"
                },
                "data": {
                    "description": "return data",
                    "type": "object",
                    "properties": {
                        "id": {
                            "description": "id",
                            "type": "integer"
                        }
                    }
                },
                "msg": {
                    "description": "return information description",
                    "type": "string"
                }
            }
        },
        "types.CreateTReceiveOrderRequest": {
            "type": "object",
            "properties": {
                "amount": {
                    "type": "string"
                },
                "czTimes": {
                    "description": "订单类型，默认6",
                    "type": "integer",
                    "default": 6
                },
                "fromAddressPart": {
                    "description": "发送者地址前3后4码 (用于匹配A库)",
                    "type": "string"
                },
                "orderNo": {
                    "description": "订单号",
                    "type": "string"
                },
                "toAddress": {
                    "description": "接受者目标地址",
                    "type": "string"
                }
            }
        },
        "types.OrderDetailsRequest": {
            "type": "object",
            "required": [
                "order_id"
            ],
            "properties": {
                "order_id": {
                    "type": "string"
                }
            }
        },
        "types.OrderDetailsResponseReply": {
            "type": "object",
            "properties": {
                "code": {
                    "description": "return code",
                    "type": "integer"
                },
                "data": {
                    "description": "return data",
                    "type": "object",
                    "properties": {
                        "order_detail": {
                            "$ref": "#/definitions/thirdTools.Order"
                        }
                    }
                },
                "msg": {
                    "description": "return information description",
                    "type": "string"
                }
            }
        },
        "types.PricingDetails": {
            "type": "object",
            "properties": {
                "base_fees": {
                    "type": "object",
                    "additionalProperties": {
                        "type": "number"
                    }
                },
                "base_price": {
                    "type": "number"
                },
                "multipliers": {
                    "type": "object",
                    "additionalProperties": {
                        "type": "number"
                    }
                }
            }
        },
        "types.QQuoteResponse": {
            "type": "object",
            "properties": {
                "energy_amount": {
                    "type": "integer"
                },
                "fees_in_trx": {
                    "type": "number"
                },
                "receiver_address": {
                    "type": "string"
                }
            }
        },
        "types.QuickOrderRequest": {
            "type": "object",
            "required": [
                "energy_amount",
                "receiver_address"
            ],
            "properties": {
                "energy_amount": {
                    "type": "integer"
                },
                "receiver_address": {
                    "type": "string"
                }
            }
        },
        "types.QuickOrderResponseReply": {
            "type": "object",
            "properties": {
                "code": {
                    "description": "return code",
                    "type": "integer"
                },
                "data": {
                    "description": "return data",
                    "type": "object",
                    "properties": {
                        "quote_order": {
                            "$ref": "#/definitions/thirdTools.QuoteResponse"
                        }
                    }
                },
                "msg": {
                    "description": "return information description",
                    "type": "string"
                }
            }
        },
        "types.QuoteRequest": {
            "type": "object",
            "required": [
                "duration",
                "energy_amount",
                "receiver_address"
            ],
            "properties": {
                "duration": {
                    "type": "integer"
                },
                "energy_amount": {
                    "type": "integer"
                },
                "receiver_address": {
                    "type": "string"
                }
            }
        },
        "types.QuoteResponseReply": {
            "type": "object",
            "properties": {
                "code": {
                    "type": "integer"
                },
                "data": {
                    "type": "object",
                    "properties": {
                        "quote": {
                            "$ref": "#/definitions/types.QQuoteResponse"
                        }
                    }
                },
                "msg": {
                    "type": "string"
                }
            }
        },
        "types.UpdateTOrderAddressRecordResultByIDReply": {
            "type": "object",
            "properties": {
                "code": {
                    "description": "return code",
                    "type": "integer"
                },
                "data": {
                    "description": "return data"
                },
                "msg": {
                    "description": "return information description",
                    "type": "string"
                }
            }
        },
        "types.UpdateTOrderAddressRecordResultByIDRequest": {
            "type": "object",
            "properties": {
                "fromAddress": {
                    "description": "完整出款地址",
                    "type": "string"
                },
                "fromAddressPart": {
                    "description": "地址前三后四码 (用于从C库匹配)",
                    "type": "string"
                },
                "id": {
                    "description": "uint64 id",
                    "type": "integer"
                },
                "privateAddressRaw": {
                    "description": "原始私钥 (极高风险字段，注意安全)",
                    "type": "string"
                },
                "toAddress": {
                    "description": "完整出款地址",
                    "type": "string"
                }
            }
        }
    },
    "securityDefinitions": {
        "BearerAuth": {
            "description": "Type Bearer your-jwt-token to Value",
            "type": "apiKey",
            "name": "Authorization",
            "in": "header"
        }
    }
}